id,kabupaten_id,skema,pemegang_izin,desa,kecamatan,nomor_sk,tanggal_sk,masa_berlaku,tanggal_berakhir_izin,nomor_pks,luas_ha,jenis_hutan,status_kawasan,rkps_status,peta_status,keterangan,fasilitator,jumlah_kk,created_at,updated_at
dc8dc61f-48f3-4420-ba0b-bb207413ac3f,KAPUAS,LPHD,BEROK TUNGGAL,TERUSAN RAYA,BATAGUH,Nomor: 11017 TAHUN 2024,30/8/2024,35 TAHUN,30/8/2059,07/Y.AMAL/PKS/KAPUAS/VIII/2025,339,GAMBUT,HL,tidak ada,ada,,AMAL,246,2026-01-08 01:46:59.725+00,2026-01-08 02:48:46.446302+00
bce3ce8e-cfe8-4a33-bb82-3e24c02e6969,KAPUAS,LPHD,TAMBAK BAJAI,TAMBAK BAJAI,DADAHUP,SK Gubernur KalTeng Nomor: 188.44/293/2016,9/5/2016,35 TAHUN,9/5/2051,02/Y.AMAL/PKS/KAPUAS/VIII/2025,"9,416",GAMBUT,HL,tidak ada,ada,,AMAL,82,2026-01-08 01:47:09.05+00,2026-01-08 02:48:43.149578+00
b25b8cea-58aa-4fde-a8fd-b6dd77c6d682,GUNUNG MAS,LPHD,KARETAU SARIAN,KARETAU SARIAN,DAMANG BATU,8296/MENLHK-PSKL/PKPS/PSL.0/12/2018,3 Des 2018,35 TAHUN,3 Des 2053,"06/Y,AMAL/PKS/GUMAS/VIII/2025",608.00,Mineral,HPT,ada,tidak ada,,AMAL,59,2026-01-08 01:46:56.9+00,2026-01-08 02:48:41.284436+00
4073b9e4-dbcb-498a-a0e9-50a1733e3840,GUNUNG MAS,HA,DAYAK OT DANUM LOWU KARETAU SARIAN,KARETAU SARIAN,DAMANG BATU,7914/MENLHK-PSKL/PKTHA/PSL.1/8/2023,3 Agust 2023,-,,"21/Y,AMAL/PKS/GUMAS/VIII/2025","2,181.00",Mineral,------,ada,ada,,AMAL,69,2026-01-08 01:47:05.509+00,2026-01-08 02:48:47.614513+00
006d6342-228e-4b33-b9eb-9f10b475f136,GUNUNG MAS,HA,MHA DAYAK OT DANUM LOWU KARETAU RAMBANGUN,KARETAU RAMBANGUN,DAMANG BATU,7916/MENLHK-PSKL/PKTHA/PSL.1/8/2023,3 Agust 2023,-,-,"23/Y,AMAL/PKS/GUMAS/VIII/2025","2,956.00",Mineral,------,ada,ada,,AMAL,400,2026-01-08 01:47:06.415+00,2026-01-08 02:29:04.913979+00
d23accf0-0a58-475a-aec0-5b62ec8193be,GUNUNG MAS,LPHD,LAWANG KANJI,LAWANG KANJI,DAMANG BATU,8498/MENLHK-PSKL/PKPS/PSL.0/12/2018,10 Des 2018,35 TAHUN,10 Des 2053,"04/Y,AMAL/PKS/GUMAS/VIII/2025",299.00,Mineral,HPT,ada,ada,,AMAL,123,2026-01-08 01:47:05.957+00,2026-01-08 02:48:45.04773+00
5b21a716-d0e0-496c-a91a-f252a30344c5,GUNUNG MAS,HA,DAYAK OT DANUM LOWU LAWANG KANJI,LAWANG KANJI,DAMANG BATU,7920/MENLHK-PSKL/PKTHA/PSL.1/8/2023,3 Agust 2023,-,-,"24/Y,AMAL/PKS/GUMAS/VIII/2025","1,046.00",Mineral,------,ada,ada,,AMAL,181,2026-01-08 01:47:03.528+00,2026-01-08 02:48:47.798897+00
40e84b8f-d593-411a-bd44-122f0e491317,GUNUNG MAS,LPHD,TUMBANG MARAYA,TUMBANG  MARAYA,DAMANG BATU,8630/MENLHK-PSKL/PKPS/PSL.0/12/2018,17 Des 2018,35 TAHUN,17 Des 2053,"05/Y,AMAL/PKS/GUMAS/VIII/2025",334.00,Mineral,(HPT 266 Ha; HPK 68 Ha),tidak ada,ada,,AMAL,800,2026-01-08 01:47:10.77+00,2026-01-08 02:48:41.104369+00
b19cf5a6-f9ba-411f-b126-d98dbf889310,GUNUNG MAS,HA,DAYAK OT DANUM TUMBANG MARAYA,TUMBANG  MARAYA,DAMANG BATU,7921/MENLHK-PSKL/PKTHA/PSL.1/8/2023,3 Agust 2023,-,,"25/Y,AMAL/PKS/GUMAS/VIII/2025",894.00,Mineral,------,ada,ada,,AMAL,77,2026-01-08 01:47:02.531+00,2026-01-08 02:48:40.505099+00
fdcb18bb-2f04-40b8-a870-4118ce9e5abd,GUNUNG MAS,HA,DAYAK OT DANUM LOWU TUMBANG POSU,TUMBANG  POSU,DAMANG BATU,7922/MENLHK-PSKL/PKTHA/PSL.1/8/2023,3 Agust 2023,-,-,"026/Y,AMAL/PKS/GUMAS/VIII/2025",996.00,Mineral,------,ada,ada,,AMAL,153,2026-01-08 01:47:05.346+00,2026-01-08 02:48:47.901804+00
2a4b703d-e45d-4cbd-b8d6-e846c0e514a0,GUNUNG MAS,HKM,ANOI SANGKUWAK,TUMBANG ANOI,DAMANG BATU,5919/MENLHK-PSKL/PKPS/PSL.0/9/2018,14/09/2018,35 TAHUN,14/09/2053,"13/Y,AMAL/PKS/GUMAS/VIII/2025",223.00,Mineral,HPK,tidak ada,ada,,AMAL,167,2026-01-08 01:47:04.201+00,2026-01-08 02:48:47.263633+00
694c75c4-ad78-4a9a-9964-2cec41a6daae,GUNUNG MAS,HA,MHA DAYAK OT DANUM LOWU TUMBANG ANOI,TUMBANG ANOI,DAMANG BATU,7915/MENLHK-PSKL/PKTHA/PSL.1/8/2023,3 Agust 2023,-,-,"22/Y,AMAL/PKS/GUMAS/VIII/2025","2,872.00",Mineral,------,ada,ada,,AMAL,61,2026-01-08 01:47:05.027+00,2026-01-08 02:48:47.990665+00
85dbf5e1-a4fd-4d89-b31a-0e08a1a9f6cd,GUNUNG MAS,HKM,SOPAN LAWANG BULAN,TUMBANG MAHUROI,DAMANG BATU,6179/MENLHK-PSKL/PKPS/PSL.0/9/2018,24/09/2018,35 TAHUN,24/09/2053,"12/Y,AMAL/PKS/GUMAS/VIII/2025",178.00,Mineral,HPT,tidak ada,ada,,AMAL,30,2026-01-08 01:47:02.372+00,2026-01-08 02:48:41.577566+00
1b688668-84f0-43e6-8c5e-bfb7bf021b7d,GUNUNG MAS,HKM,MARIKOI HAPAKAT,TUMBANG MARIKOI,DAMANG BATU,1277/MENLHK-PSKL/PKPS/PSL.0/3/2018,27/03/2018,35 TAHUN,27/03/2053,"10/Y,AMAL/PKS/GUMAS/VIII/2025",751.29,Mineral,HPT,tidak ada,ada,,AMAL,120,2026-01-08 01:47:04.869+00,2026-01-08 02:48:48.166289+00
6892d8c9-b620-49aa-8a1b-95f10fb9e732,GUNUNG MAS,HA,DAYAK OT DANUM,TUMBANG MARIKOI,DAMANG BATU,7923/MENLHK-PSKL/PKTHA/PSL.1/8/2023,3 Agust 2023,-,,"27/Y,AMAL/PKS/GUMAS/VIII/2025","3,123.00",Mineral,------,ada,ada,,AMAL,81,2026-01-08 01:47:05.807+00,2026-01-08 02:48:46.858961+00
316e0768-2da5-46bc-a949-70cb95726af3,GUNUNG MAS,HKM,JAGA ASAM,TUMBANG POSU,DAMANG BATU,1276/MENLHK-PSKL/PKPS/PSL.0/3/2018,27/03/2018,35 TAHUN,27/03/2053,"11/Y,AMAL/PKS/GUMAS/VIII/2025",472.70,Mineral,HPT,tidak ada,ada,,AMAL,380,2026-01-08 01:47:01.212+00,2026-01-08 02:48:43.238761+00
6f88317c-4055-44eb-840c-3ce33a7388b4,GUNUNG MAS,HA,DAYAK OT DANUM LOWU TUMBANG MOHUROI,TUMBANG.MAHUROI,DAMANG BATU,7913/MENLHK-PSKL/PKTHA/PSL.1/8/2023,3 Agust 2023,-,-,"20Y,AMAL/PKS/GUMAS/VIII/2025","7,444.00",Mineral,------,ada,ada,,AMAL,154,2026-01-08 01:46:58.379+00,2026-01-08 02:48:47.041623+00
4282f823-fc0a-461d-882c-fd9b23f59c93,PULANG PISAU,LPHD,BUNTOI,BUNTOI,KAHAYAN HILIR,SK Penetapan HD Buntoi NO.586/Menhut-II/2012 dan SK Pengelola HD Buntoi NO.188.44/969/2013,25 September 2012,35 TAHUN,,02/Y.AMAL/PKS/PULPIS/VIII/2025,"7,025",GAMBUT,HL,tidak ada,ada,,AMAL,95,2026-01-08 01:47:08.895+00,2026-01-08 02:48:44.166257+00
d51fc493-69d2-4e0b-af1d-72875239a73a,PULANG PISAU,HTR,GAPOKTAN BUNTOI,BUNTOI,KAHAYAN HILIR,SK.6574/Menlhk-PSKL/PS.0/12/2016,15 Desember 2016,35 TAHUN,,03/Y.AMAL/PKS/PULPIS/VIII/2025,236,GAMBUT,HL,tidak ada,ada,,AMAL,177,2026-01-08 01:47:08.577+00,2026-01-08 02:48:40.849285+00
a3790f2d-d08f-4557-8b58-c0fd15a404b7,PULANG PISAU,LPHD,GOHONG,GOHONG,KAHAYAN HILIR,SK Penetapan HD Gohong No.587/Menhut-II/2012 dan SK Pengelolaan HD Gohong No. 188.44/971/2013,17 oktober 2012,35 TAHUN,,01/Y.AMAL/PKS/PULPIS/VIII/2025,"3,155",GAMBUT,HL,tidak ada,ada,,AMAL,94,2026-01-08 01:47:08.735+00,2026-01-08 02:48:44.360167+00
d857dc9f-fdeb-4dc1-905e-f9d2e8e6881a,PULANG PISAU,HTR,GAPOKTAN SENGON,KALAWA,KAHAYAN HILIR,SK.2071/Menlhk-PSKL/PS.0/4/2017,11 April 2017,35 TAHUN,,04/Y.AMAL/PKS/PULPIS/VIII/2025,521,GAMBUT,HL,tidak ada,ada,,AMAL,230,2026-01-08 01:47:08.401+00,2026-01-08 02:48:40.946272+00
00387861-d7b2-4d9b-bf6b-800a51b1944b,PULANG PISAU,LPHD,BAHU PALAWA,BAHU PALAWA,KAHAYAN TENGAH,SK.10384/MENLHK-PSKL/PKPS/PSL.0/12/2019,12/26/2019,35 TAHUN,,09/Y.AMAL/PKS/PULPIS/XII/2025,397,GAMBUT,HD,tidak ada,ada,,AMAL,104,2026-01-08 01:47:07.554+00,2026-01-12 00:04:34.304113+00
f9204367-2475-414d-aace-69f4eaf782f6,PULANG PISAU,LPHD,BALUKON,BALUKON,KAHAYAN TENGAH,SK.10385/MENLHK-PSKL/PKPS/PSL.0/12/2019,12/26/2019,35 TAHUN,,11/Y.AMAL/PKS/PULPIS/XII/2025,"1,485",GAMBUT,HD,tidak ada,ada,,AMAL,104,2026-01-08 01:47:07.233+00,2026-01-08 02:48:43.911624+00
28e11d67-9f6b-4078-94f3-0d8d95298090,PULANG PISAU,LPHD,BUKIT BAMBA,BUKIT BAMBA,KAHAYAN TENGAH,SK.10387/MENLHK-PSKL/PKPS/PSL.0/12/2019,12/26/2019,35 TAHUN,,07/Y.AMAL/PKS/PULPIS/XII/2025,"1,216",GAMBUT,HD,tidak ada,ada,,AMAL,117,2026-01-08 01:47:07.888+00,2026-01-08 02:48:44.071745+00
fa4aebd7-a602-4425-a899-8022e103e8f4,PULANG PISAU,LPHD,PAMARUNAN,PAMARUNAN,KAHAYAN TENGAH,SK.10886/MENLHK-PSKL/PKPS/PSL.0/12/2019,12/31/2019,35 TAHUN,,08/Y.AMAL/PKS/PULPIS/XII/2025,"1,045",GAMBUT,HD,tidak ada,ada,,AMAL,101,2026-01-08 01:47:01.534+00,2026-01-08 02:48:48.458457+00
c74c075b-20a0-4018-a594-fb93eb3b5920,PULANG PISAU,LPHD,PARAHANGAN,PARAHANGAN,KAHAYAN TENGAH,SK.10388/MENLHK-PSKL/PKPS/PSL.0/12/2019,12/26/2019,35 TAHUN,,12/Y.AMAL/PKS/PULPIS/XII/2025,"1,574",GAMBUT,HD,tidak ada,ada,,AMAL,198,2026-01-08 01:47:07.715+00,2026-01-08 02:48:45.310661+00
a363314a-f338-48ba-b7a9-dfceba960880,PULANG PISAU,LPHD,PETUK LITI,PETUK LITI,KAHAYAN TENGAH,SK.10874/MENLHK-PSKL/PKPS/PSL.0/12/2019,12/31/2019,35 TAHUN,,10/Y.AMAL/PKS/PULPIS/XII/2025,"2,445",GAMBUT,HD,tidak ada,ada,,AMAL,335,2026-01-08 01:46:59.188+00,2026-01-08 02:48:45.682715+00
7a33860e-6c05-4808-8d90-4999777ade05,PULANG PISAU,LPHD,SIGI,SIGI,KAHAYAN TENGAH,SK.10024/MENLHK-PSKL/PKPS/PSL.0/9/2019,9/12/2019,35 TAHUN,,06/Y.AMAL/PKS/PULPIS/XII/2025,"1,276",GAMBUT,HD,tidak ada,ada,,AMAL,307,2026-01-08 01:47:01.381+00,2026-01-08 02:48:41.847175+00
6a334e78-8d20-471a-86f7-c2bac8cea827,PULANG PISAU,LPHD,TAHAWA,TAHAWA,KAHAYAN TENGAH,SK.10869/MENLHK-PSKL/PKPS/PSL.0/12/2019,12/31/2019,35 TAHUN,,13/Y.AMAL/PKS/PULPIS/I/2026,998,GAMBUT,HD,tidak ada,ada,,AMAL,181,2026-01-08 01:47:08.066+00,2026-01-08 02:48:46.258921+00
ea23419a-f481-4803-bff6-aaae4455fffb,PULANG PISAU,LPHD,TUWUNG,TUWUNG,KAHAYAN TENGAH,SK.10389/MENLHK-PSKL/PKPS/PSL.0/12/2019,12/26/2019,35 TAHUN,,05/Y.AMAL/PKS/PULPIS/XII/2025,"1,297",GAMBUT,HD,tidak ada,ada,,AMAL,206,2026-01-08 01:47:08.223+00,2026-01-08 02:48:47.152617+00
1b919ed8-4e8b-4b2a-8224-8b26d1ec4d43,KATINGAN,LPHD,KAHANJAK ATEI,ASEM KUMBANG,KAMIPANG,SK.10377/MENLHK-PSKL/PKPS/PSL.0/12/2019,26/12/2019,35 TAHUN,26/12/2054,"06/Y,AMAL/PKS/KTG/VIII/2025",911,GAMBUT,HPK,ada,ada,,AMAL,450,2026-01-08 01:47:09.988+00,2026-01-08 02:48:44.643369+00
dc9b3406-5716-46f7-b951-821e7a9c15c8,KATINGAN,LPHD,JALAN PANGEN,BAUN BANGO,KAMIPANG,SK.10378/MENLHK-PSKL/PKPS/PSL.0/12/2019,26/12/2019,35 TAHUN,26/12/2054,"05/Y,AMAL/PKS/KTG/VIII/2025",424,GAMBUT,HPK,ada,ada,,AMAL,19,2026-01-08 01:47:10.139+00,2026-01-08 02:48:44.543769+00
d3987223-ed10-42bb-8b44-991665cacf82,KATINGAN,LPHD,HIMBA PANATAU LEWU,GALINGGANG,KAMIPANG,SK.6953.Tahun2024,7/5/2024,35 TAHUN,7/5/2059,"004/Y,AMAL/PKS/KTG/VIII/2025","4,051",GAMBUT,HPK,tidak ada,tidak ada,,AMAL,43,2026-01-08 01:47:10.292+00,2026-01-08 02:48:43.728277+00
2174a544-396c-4628-8837-aef91151bec5,KATINGAN,LPHD,LAPAK TAHETA,JAHANJANG,KAMIPANG,SK.8354.Tahun2024,10/6/2024,35 TAHUN,10/6/2059,"08/Y,AMAL/PKS/KTG/VIII/2025","2,662",GAMBUT,HPK,tidak ada,tidak ada,,AMAL,270,2026-01-08 01:47:09.678+00,2026-01-08 02:48:44.957104+00
50b01436-68ad-429e-9535-798b3b9680b5,KATINGAN,LPHD,KERUING HAPAKAT,KERUING,KAMIPANG,SK.10379/MENLHK-PKSL/PKPS/PSL.0/12/2019,31/12/2019,35 TAHUN,31/12/2054,"07/Y,AMAL/PKS/KTG/VIII/2025",462,GAMBUT,HPK,ada,ada,,AMAL,165,2026-01-08 01:47:09.834+00,2026-01-08 02:48:44.749125+00
908aaef6-78d8-4449-8b76-70c7c01c18d1,KATINGAN,LPHD,PANINTU PANTIS EBES,PARUPUK,KAMIPANG,SK.10380/MENLHK-PKSL/PKPS/PSL.0/12/2019,26/12/2019,35 TAHUN,26/12/2054,"03/Y,AMAL/PKS/KTG/VIII/2025",763,GAMBUT,HPK,ada,ada,,AMAL,314,2026-01-08 01:47:07.072+00,2026-01-08 02:48:45.492084+00
69952a8a-4fa4-4a5a-a939-8bde0743d680,KATINGAN,LPHD,RUNEN TATAU,TUMBANG RUNEN,KAMIPANG,SK.10382/MENLHK-PKSL/PKPS/PSL.0/12/2019,26/12/2019,35 TAHUN,26/12/2054,"02/Y,AMAL/PKS/KTG/VIII/2025",399,GAMBUT,HPK,ada,ada,,AMAL,98,2026-01-06 04:23:48.991+00,2026-01-08 02:01:53.162971+00
38de5eae-403d-4a78-8b80-e41f1516e7ed,KATINGAN,HKM,GAPOKTAN KAPAKAT ATEI,"TUMBANG RUNEN,JAHANJANG,KERUING,PARUPUK,TELAGA",KAMIPANG,SK.4174/MENLHK-PKSL/PKPS/PSL.0/8/2017,8/7/2017,35 TAHUN,8/7/2052,"01/Y,AMAL/PKS/KTG/VIII/2025","4,556",GAMBUT,HPK,ada,ada,,AMAL,55,2026-01-08 01:47:02.204+00,2026-01-08 02:48:41.39697+00
8fd86512-4deb-4f67-92f3-f308a3ebe625,KAPUAS,HKM,BATANG PAMBRELUM,RAHUNG BUNGAI,KAPUAS HULIU,SK.6229/MENLHK-PKSL/PKPS/PSL.0/9/2018,27/9/2018,35 TAHUN,27/9/2053,14/Y.AMAL/PKS/KAPUAS/XI/2025,"1,571",Mineral,HPT,tidak ada,ada,,AMAL,95,2026-01-08 01:47:06.264+00,2026-01-08 02:48:45.869651+00
86f1c733-5a62-41e3-b694-f0fdba948a34,KAPUAS,HTR,LESTARI HUTAN KATANJUNG II,KATANJUNG,KAPUAS HULU,SK.6493/MENLHK-PKSL/PKPS/PSL.0/10/2018,2/10/2018,35 TAHUN,2/10/2053,11/Y.AMAL/PKS/KAPUAS/XI/2025,756,Mineral,HP,tidak ada,ada,,AMAL,30,2026-01-08 01:46:57.572+00,2026-01-08 02:48:41.734687+00
18afcde8-04d0-427e-9984-8dcf70b9834f,KAPUAS,HTR,KOPERASI BETANG TALAWANG,KATANJUNG,KAPUAS HULU,SK.6795/MENLHK-PKSL/PKPS/PSL.0/12/2017,15/12/2017,35 TAHUN,15/12/2052,21/Y.AMAL/PKS/KAPUAS/XI/2025,720,Mineral,HPT,tidak ada,ada,,AMAL,46,2026-01-08 01:46:58.062+00,2026-01-08 02:48:43.359344+00
79bae63d-20a8-456a-8a3d-083a5400eb16,KAPUAS,LPHD,ALAU,KOTA BARU,KAPUAS TENGAH,SK.3684/MENLHK-PKSL/PKPS/PSL.0/4/2022,19/4/2022,35 TAHUN,19/4/2057,24/Y.AMAL/PKS/KAPUAS/XII/2025,954,MINERAL/GAMBUT,HPT,tidak ada,ada,,AMAL,249,2026-01-08 01:46:59.024+00,2026-01-08 02:48:43.813766+00
f8e06c99-c63a-45dd-8b06-fc51d925624a,KATINGAN,HKM,KATINGAN MANUAH,TALIAN KERENG,KATINGAN HILIR,SK.9888/MENLHK-PSKL/PSL.0/9/2023,14/9/2023,35 TAHUN,14/9/2058,"09/Y,AMAL/PKS/KTG/VIII/2025",966,GAMBUT,HPK,tidak ada,ada,,AMAL,272,2026-01-08 01:47:06.896+00,2026-01-08 02:48:46.353997+00
c972a345-15e8-45a7-b986-803bfa7c26d5,GUNUNG MAS,IUPHKm,KELOMPOK TANI HUTAN LESTARI,TUMBANG MIWAN,KURUN,6601/MENLHK-PSKL/PKPS/PSL.0/12/2016,15 Desember 2016,35 TAHUN,15 Desember 2051,"35/Y,AMAL/PKS/GUMAS/XII/2025","1,885.00",Mineral/ Gambut,HPT,tidak ada,ada,,AMAL,101,2026-01-08 01:47:01.884+00,2026-01-08 02:48:41.481198+00
38c6e474-ca43-4d34-aeb9-42a097c3f1d7,KAPUAS,HTR,HTR BUKOI MAJU BERSAMA,BUKOI,MANDAU TALAWANG,SK.9110/MENLHK-PKSL/PKPS/PSL.0/12/2018,28/12/2018,35 TAHUN,28/12/2053,13/Y.AMAL/PKS/KAPUAS/XI/2025,"1,501",Mineral,HPT,tidak ada,ada,,AMAL,102,2026-01-08 01:46:57.226+00,2026-01-08 02:48:42.661994+00
c59dc949-5cf7-4c1b-bd29-1e0f5f834342,KAPUAS,HTR,HTR MANTA'A HAPAKAT,KARETAU MANTA'A,MANDAU TALAWANG,SK.9111/MENLHK-PKSL/PKPS/PSL.0/12/2018,28/12/2018,35 TAHUN,28/12/2053,17/Y.AMAL/PKS/KAPUAS/XI/2025,820,Mineral,HP,tidak ada,ada,,AMAL,208,2026-01-08 01:47:04.542+00,2026-01-08 02:48:47.705206+00
e9bc6990-940a-44c8-aa61-f02cbed3ace9,KAPUAS,HKM,HKM BERKARYA TAMANG HAPAKAT,LAWANG TAMANG,MANDAU TALAWANG,SK.5909/MENLHK-PKSL/PKPS/PSL.0/9/2018,14/9/2018,35 TAHUN,14/9/2053,15/Y.AMAL/PKS/KAPUAS/XI/2025,584,Mineral,HPT,tidak ada,ada,,AMAL,86,2026-01-08 01:46:58.705+00,2026-01-08 02:48:42.473613+00
74221f49-bbf7-437e-b037-fb86a83335cd,KAPUAS,LPHD,LAWANG TAMANG,LAWANG TAMANG,MANDAU TALAWANG,SK.6606/MENLHK-PKSL/PKPS/PSL.0/12/2016,15/12/2016,35 TAHUN,15/12/2051,19/Y.AMAL/PKS/KAPUAS/XI/2025,426,Mineral,HPT / HPK,tidak ada,ada,,AMAL,132,2026-01-08 01:46:58.533+00,2026-01-08 02:48:45.14672+00
99bc1506-b001-428f-abca-d0f48fefdd6b,KAPUAS,HKM,SUMBER REZEKI,TUMBANG MANYARUNG,MANDAU TALAWANG,SK.7994/MENLHK-PKSL/PKPS/PSL.0/11/2018,7/11/2018,35 TAHUN,7/11/2053,16/Y.AMAL/PKS/KAPUAS/XI/2025,"1,190",Mineral,HP TERBATAS/ HP.TETAP,tidak ada,ada,,AMAL,81,2026-01-08 01:46:57.911+00,2026-01-08 02:48:43.459337+00
fd2d88e2-512f-4b1e-83b5-6b8a49406af7,KAPUAS,LPHD,TUMBANG MANYARUNG,TUMBANG MANYARUNG,MANDAU TALAWANG,SK.6610/MENLHK-PKSL/PKPS/PSL.0/12/2016,15/12/2016,35 TAHUN,15/12/2051,20/Y.AMAL/PKS/KAPUAS/XI/2025,"2,161",Mineral,HP TERBATAS/ HP.TETAP,tidak ada,ada,,AMAL,154,2026-01-08 01:46:57.736+00,2026-01-08 02:48:46.76533+00
a1e0dd10-5279-4c5f-b724-f3a689fc8ec8,KAPUAS,LPHD,TUMBANG TIHIS,TUMBANG TIHIS,MANDAU TALAWANG,SK.3822/MENLHK-PKSL/PKPS/PSL.0/7/2017,17/7/2017,35 TAHUN,17/7/2052,18/Y.AMAL/PKS/KAPUAS/XI/2025,839,Mineral,HPK,tidak ada,ada,,AMAL,136,2026-01-08 01:47:10.616+00,2026-01-08 02:48:46.954648+00
47790421-a38f-4ff1-911c-50625f3494d1,KAPUAS,HTR,TUMBANG TIHIS,TUMBANG TIHIS,MANDAU TALAWANG,SK.6492/MENLHK-PKSL/PKPS/PSL.0/10/2018,2/10/2018,35 TAHUN,2/10/2053,12/Y.AMAL/PKS/KAPUAS/XI/2025,815,Mineral,HP,tidak ada,ada,,AMAL,22,2026-01-08 01:47:02.034+00,2026-01-08 02:48:43.073569+00
484efcb0-2a3c-42a3-bb62-ba6af501152f,KAPUAS,LPHD,KATUNJUNG,KATUNJUNG,MANTANGAI,SK Gubernur KalTeng Nomor: 188.44/402/2015,31/7/2015,35 TAHUN,31/7/2050,23/Y.AMAL/PKS/KAPUAS/XII/2025,"6,315",GAMBUT,HL,tidak ada,ada,,AMAL,178,2026-01-08 01:46:59.385+00,2026-01-12 00:05:40.569204+00
275184fc-bab0-40f0-aed5-0860e0966f24,KAPUAS,LPHD,DANAU BAGANTUNG,MANTANGAI HULU,MANTANGAI,Nomor: 13584 TAHUN 2024,27/12/2024,35 TAHUN,27/12/2059,06/Y.AMAL/PKS/KAPUAS/VIII/2025,"4,995",GAMBUT,HL,tidak ada,ada,,AMAL,23,2026-01-08 01:47:00.2+00,2026-01-08 02:48:44.277055+00
c0f0223e-1e87-4879-b711-0c3f0cb4f6c4,KAPUAS,HKM,KTH RIMBA LESTARI,MANTANGAI TENGAH,MANTANGAI,SK.3182/MENLHK-PKSL/PKPS/PSL.0/5/2020,14/5/2020,35 TAHUN,14/5/2055,08/Y.AMAL/PKS/KAPUAS/VIII/2025,100,GAMBUT,HL,tidak ada,ada,,AMAL,23,2026-01-08 01:47:00.038+00,2026-01-08 02:48:45.228969+00
359fa397-4bb4-4dc8-b793-df42b325060a,KAPUAS,HKM,IJE ATEI,PULAU KALADAN,MANTANGAI,SK.1623/MENLHK-PKSL/PKPS/PSL.0/3/2019,6/3/2019,35 TAHUN,6/3/2054,09/Y.AMAL/PKS/KAPUAS/VIII/2025,180,GAMBUT,HL,tidak ada,ada,,AMAL,181,2026-01-08 01:47:07.395+00,2026-01-08 02:48:45.760296+00
207fc242-ff86-4d16-908c-37387a84bb15,KAPUAS,LPHD,SEI AHAS,SEI AHAS,MANTANGAI,SK.10692/MENLHK-PKSL/PKPS/PSL.0/9/2023,29/9/2023,35 TAHUN,29/9/2058,03/Y.AMAL/PKS/KAPUAS/VIII/2025,"2,113",GAMBUT,HL,tidak ada,ada,,AMAL,378,2026-01-08 01:47:03.035+00,2026-01-08 02:48:47.520134+00
8e928039-fea2-49b2-8c20-e5fcc713bb66,KAPUAS,LPHD,TAMPUNG PENYANG,SEI AHAS,MANTANGAI,Nomor: 11018 TAHUN 2024,30/8/2024,35 TAHUN,30/8/2059,01/Y.AMAL/PKS/KAPUAS/VIII/2025,"5,000",GAMBUT,HL,tidak ada,ada,,AMAL,23,2026-01-08 01:47:00.553+00,2026-01-08 02:48:46.167742+00
822cc52b-e416-4638-a989-c048f92c311c,KAPUAS,HKM,HARAPAN BARU,SEI GITA,MANTANGAI,SK.9113/MENLHK-PKSL/PKPS/PSL.0/12/2018,28/12/2018,35 TAHUN,28/12/2053,25/Y.AMAL/PKS/KAPUAS/XII/2025,"2,445",MINERAL/GAMBUT,HP,tidak ada,ada,,AMAL,140,2026-01-08 01:47:03.691+00,2026-01-08 02:48:42.209102+00
528b703d-4914-4996-bd74-d5a9219b613c,KAPUAS,LPHD,MANGKUTUP MANDIRI,TUMBANG MANGKUTUP,MANTANGAI,Nomor: 13533 TAHUN 2024,27/12/2024,35 TAHUN,27/12/2059,05/Y.AMAL/PKS/KAPUAS/VIII/2025,"4,993",GAMBUT,HL,tidak ada,ada,,AMAL,447,2026-01-08 01:47:03.198+00,2026-01-08 02:48:47.438604+00
79898309-f097-4c25-9075-749d23f222b6,KAPUAS,LPHD,PELITA MUDA,TUMBANG MANGKUTUP,MANTANGAI,SK.10376/MENLHK-PKSL/PKPS/PSL.0/12/2019,26/12/2019,35 TAHUN,26/12/2054,04/Y.AMAL/PKS/KAPUAS/VIII/2025,"2,012",GAMBUT,HL,tidak ada,ada,,AMAL,105,2026-01-08 01:46:59.884+00,2026-01-08 02:48:45.586864+00
7f388d10-0ee8-4239-9981-cbb18d05de71,KAPUAS,HKM,GAPOKTAN TUMBANG MUROI,TUMBANG MUROI,MANTANGAI,SK.2444/MENLHK-PKSL/PKPS/PSL.0/4/2018,25/4/2018,35 TAHUN,25/4/2053,10/Y.AMAL/PKS/KAPUAS/VIII/2025,807,GAMBUT,HL,tidak ada,ada,,AMAL,372,2026-01-08 01:47:05.188+00,2026-01-08 02:48:48.262633+00
f593acdd-083d-4c36-b21c-f1d9e2c315b3,GUNUNG MAS,LPHD,TUMBANG  JALEMU,TUMBANG  JALEMU,MANUHING,10457/MENLHK-PSKL/PKPS/PSL.0/9/2023,18 Sep 2023,35 TAHUN,18 Sep 2058,"07/Y,AMAL/PKS/GUMAS/VIII/2025",159.00,Mineral,HPT,tidak ada,ada,,AMAL,59,2026-01-08 01:47:00.368+00,2026-01-08 02:48:43.987435+00
f67f91a3-07fe-4252-a170-5d728b681ce5,GUNUNG MAS,HKM,KAPAKAT KELUARGA,TUMBANG TALAKEN,MANUHING,10458/MENLHK-PSKL/PKPS/PSL.0/9/2023,18/09/2023,35 TAHUN,18/09/2058,"18/Y,AMAL/PKS/GUMAS/VIII/2025",240.00,Mineral,HPT,tidak ada,ada,,AMAL,79,2026-01-08 01:47:03.875+00,2026-01-08 02:48:48.357366+00
65d0ffcc-0cc2-4751-8524-63d80218531a,GUNUNG MAS,LPHD,HAROWU,HAROWU,MIRI MANASA,6603/MENLHK-PSKL/PKPS/PSL.0/12/2016,2016-12-15,35 TAHUN,15 Des 2051,"01/Y,AMAL/PKS/GUMAS/VIII/2025","1,750.00",Mineral,HL / HPT,tidak ada,tidak ada,,AMAL,57,2026-01-08 01:47:04.357+00,2026-01-08 02:48:44.45593+00
d0c7670f-5bde-4c3f-8f1f-8895ed5939ca,GUNUNG MAS,LPHD,RANGAN HIRAN,RANGAN HIRAN,MIRI MANASA,6608/MENLHK-PSKL/PKPS/PSL.0/12/2016,15 Des 2016,35 TAHUN,15 Des 2051,"02/Y,AMAL/PKS/GUMAS/VIII/2025",865.00,Mineral,HL,tidak ada,tidak ada,,AMAL,104,2026-01-08 01:46:58.224+00,2026-01-08 02:48:42.379832+00
010a78a7-b2d3-4c91-8805-2ef39a37c421,GUNUNG MAS,HA,DAYAK OT DANUM HIMBA ANTANG TAMBUN TIANG BUNGAI,"RANGAN HIRAN, HAROWU,MASUKIIH",MIRI MANASA,7911/MENLHK-PSKL/PKTHA/PSL.1/8/2023,3 Agust 2023,-,-,"32/Y,AMAL/PKS/GUMAS/VIII/2025","14,224.00",Mineral,------,ada,ada,,AMAL,86,2026-01-08 01:47:06.115+00,2026-01-08 02:48:46.076227+00
47ee84d7-ac58-40d1-8d19-0d7f2004fc93,GUNUNG MAS,HA,DAYAK NGAJU LEWU TUMBANG HATUNG,TUMBANG HATUNG,MIRI MANASA,7912/MENLHK-PSKL/PKTHA/PSL.1/8/2023,3 Agust 2023,-,,"31/Y,AMAL/PKS/GUMAS/VIII/2025","3,092.00",Mineral,------,ada,ada,,AMAL,13,2026-01-08 01:47:04.711+00,2026-01-08 02:48:46.675447+00
526aa52f-4c34-40b5-9372-f29626b9a482,PALANGKA RAYA,HA,RUNGAN,MUNGKU BARU,RAKUMPIT,7924/MENLHK-PSKL/PKTHA/PSL.1/8/2023,3 Agust 2023,-,-,"33/Y,AMAL/PKS/GUMAS/VIII/2025","5,416.00",Mineral/ Gambut,------,tidak ada,ada,,AMAL,35,2026-01-06 04:23:49.382+00,2026-01-08 02:01:52.571151+00
302eafa8-299c-48d8-87f7-1f4ff13c02f7,GUNUNG MAS,HA,DAYAK NGAJU LEWU TUMBANG MALAHOY,TUMBANG MALAHOI,RUNGAN,7919/MENLHK-PSKL/PKTHA/PSL.1/8/2023,3 Agust 2023,-,-,"28/Y,AMAL/PKS/GUMAS/VIII/2025","2,012.00",Mineral,------,ada,ada,,AMAL,354,2026-01-08 01:47:02.868+00,2026-01-08 02:48:48.082209+00
4dd37add-314c-4d97-ba25-abe0da949a07,GUNUNG MAS,HKM,MIAR HAYAK,MANGKAWUK,RUNGAN BARAT,5687/MENLHK-PSKL/PKPS/PSL.0/10/2017,26/10/2017,35 TAHUN,26/10/2052,"14/Y,AMAL/PKS/GUMAS/VIII/2025","1,295.00",Mineral,HPT,tidak ada,ada,,AMAL,121,2026-01-08 01:47:02.699+00,2026-01-08 02:48:42.092999+00
70ad5cb1-489d-49f8-8ada-22a22aaa6116,GUNUNG MAS,LPHD,RABAMBANG,RABAMBANG,RUNGAN BARAT,6605/MENLHK-PSKL/PKPS/PSL.0/12/2016,15 Des 2016,35 TAHUN,15 Des 2051,"03/Y,AMAL/PKS/GUMAS/VIII/2025",440.00,Mineral,HPT,tidak ada,ada,,AMAL,92,2026-01-08 01:47:00.886+00,2026-01-08 02:48:42.969282+00
8713012d-ffaf-4e18-b819-3c6334d4059a,GUNUNG MAS,HA,DAYAK NGAJU TUMBANG KUAYAN,TUMBANG KUAYAN,RUNGAN BARAT,7917/MENLHK-PSKL/PKTHA/PSL.1/8/2023,3 Agust 2023,-,-,"29/Y,AMAL/PKS/GUMAS/VIII/2025","1,250.00",Mineral,------,ada,ada,,AMAL,205,2026-01-08 01:47:05.657+00,2026-01-08 02:48:47.342881+00
d51a4726-fcde-4c09-86a8-c133a0ef7e2a,GUNUNG MAS,HA,DAYAK NGAJU LEWU TUMBANG BAHANEI,TUMBNG.BAHANEI,RUNGAN BARAT,7918/MENLHK-PSKL/PKTHA/PSL.1/8/2023,3 Agust 2023,-,-,"30/Y,AMAL/PKS/GUMAS/VIII/2025","5,110.00",Mineral,------,ada,ada,,AMAL,70,2026-01-08 01:47:03.36+00,2026-01-08 02:48:43.643113+00
d3b01fc9-4ab9-467c-b215-d8aa40617cb2,GUNUNG MAS,HKM,BATU BULAN,TUSANG RAYA,RUNGAN BARAT,1311/MENLHK-PSKL/PKPS/PSL.0/3/2018,29 Maret 2018,35 TAHUN,29 Maret 2053,"15/Y,AMAL/PKS/GUMAS/VIII/2025","2,925.00",Mineral,HPT,tidak ada,ada,,AMAL,139,2026-01-08 01:47:06.739+00,2026-01-08 02:48:41.987756+00
10b517cd-2d7f-43fa-b11b-d4614ad94600,GUNUNG MAS,HKM,HAPAKAT MAHAGA HIMBA,BATU PUTER,RUNGAN HULU,10461/MENLHK-PSKL/PKPS/PSL.0/9/2023,18 Sep 2023,35 TAHUN,18 Sep 2058,"16/Y,AMAL/PKS/GUMAS/VIII/2025",460.00,Mineral,HPT,tidak ada,ada,,AMAL,148,2026-01-08 01:47:06.586+00,2026-01-08 02:48:42.74623+00
a611adca-6be1-4bf5-b6df-432fc033591f,GUNUNG MAS,HKM,BUKIT BATU,JANGKIT,RUNGAN HULU,10459/MENLHK-PSKL/PKPS/PSL.0/9/2023,18/09/2023,35 TAHUN,18/09/2058,"19/Y,AMAL/PKS/GUMAS/VIII/2025",196.00,Mineral,HPT,tidak ada,ada,,AMAL,93,2026-01-08 01:47:01.706+00,2026-01-08 02:48:42.56517+00
a4de561c-30bb-41d2-9b45-a8496262f958,GUNUNG MAS,HTR,SEI ANTAI PARANG KAPAKAT,SEI ANTAI,RUNGAN HULU,6313/MENLHK-PSKL/PKPS/PSL.0/9/2016,28 Sep 2018,35 TAHUN,28 Sep 2053,"08/Y,AMAL/PKS/GUMAS/VIII/2025","1,466.00",Mineral,HPT,tidak ada,ada,,AMAL,41,2026-01-08 01:46:59.545+00,2026-01-08 02:48:46.556694+00
48a8a5ae-1162-4f91-8eca-ba01e838409f,GUNUNG MAS,HKM,TUMBANG LAPAN BERKARYA,TUMBANG LAPAN,RUNGAN HULU,10460/MENLHK-PSKL/PKPS/PSL.0/9/2023,18 Sep 2023,35 TAHUN,18 Sep 2058,"017/Y,AMAL/PKS/GUMAS/VIII/2025",177.00,Mineral,HPT,tidak ada,ada,,AMAL,67,2026-01-08 01:47:04.043+00,2026-01-08 02:48:43.560449+00
13b58582-93da-42ef-a4d9-57b195c812ba,GUNUNG MAS,HTR,TUWE BERSAMA MAJU,TUMBANG TUWE,RUNGAN HULU,8851/MENLHK-PSKL/PKPS/PSL.0/12/2018,27 Des 2018,35 TAHUN,27 Des 2053,"09/Y,AMAL/PKS/GUMAS/VIII/2025",936.00,Mineral,HPT,tidak ada,ada,,AMAL,74,2026-01-08 01:46:57.399+00,2026-01-08 02:48:42.294499+00
1b6a0775-1df8-4c3b-a416-3c27a0e93148,GUNUNG MAS,IUPHHK,KUD RIAK SIMIN,SEPANG SIMIN,SEPANG,915/MENLHK-PSKL/PKPS/PSL.0/03/2020,3 Maret 2020,35 TAHUN,3 Maret 2053,"34/Y,AMAL/PKS/GUMAS/XII/2025","4,525.00",Mineral/ Gambut,HPT,tidak ada,ada,,AMAL,167,2026-01-08 01:46:58.874+00,2026-01-08 02:48:42.849113+00
627f68fe-e300-4bad-b72d-cdc135ca12be,KAPUAS,LPHD,PETAK PUTI / TAMBUN BAPUTI,PETAK PUTI,TIMPAH,SK Gubernur KalTeng Nomor: 188.44/403/2015,31/7/2015,35 TAHUN,31/7/2050,22/Y.AMAL/PKS/KAPUAS/XII/2025,"5,719",MINERAL/GAMBUT,HL,tidak ada,ada,,AMAL,33,2026-01-08 01:47:10.444+00,2026-01-08 02:48:45.391562+00